[
  {
    "model": "omop.concept",
    "pk": 4112853,
    "fields": {
      "concept_name": "Malignant neoplasm of breast",
      "domain_id": "Condition",
      "vocabulary_id": "SNOMED",
      "concept_class_id": "Clinical Finding",
      "standard_concept": "S",
      "concept_code": "254837009",
      "valid_start_date": "1970-01-01",
      "valid_end_date": "2099-12-31",
      "invalid_reason": null
    }
  },
  {
    "model": "omop.concept",
    "pk": 35807188,
    "fields": {
      "concept_name": "TCH regimen",
      "domain_id": "Regimen",
      "vocabulary_id": "HemOnc",
      "concept_class_id": "Regimen",
      "standard_concept": "S",
      "concept_code": "TCH",
      "valid_start_date": "1970-01-01",
      "valid_end_date": "2099-12-31",
      "invalid_reason": null
    }
  },
  {
    "model": "omop.concept",
    "pk": 35807074,
    "fields": {
      "concept_name": "AC regimen",
      "domain_id": "Regimen",
      "vocabulary_id": "HemOnc",
      "concept_class_id": "Regimen",
      "standard_concept": "S",
      "concept_code": "AC",
      "valid_start_date": "1970-01-01",
      "valid_end_date": "2099-12-31",
      "invalid_reason": null
    }
  },
  {
    "model": "omop.concept",
    "pk": 32531,
    "fields": {
      "concept_name": "Treatment episode",
      "domain_id": "Episode",
      "vocabulary_id": "Episode",
      "concept_class_id": "Episode",
      "standard_concept": "S",
      "concept_code": "Treatment",
      "valid_start_date": "1970-01-01",
      "valid_end_date": "2099-12-31",
      "invalid_reason": null
    }
  },
  {
    "model": "omop.concept",
    "pk": 32020,
    "fields": {
      "concept_name": "EHR Chief Complaint",
      "domain_id": "Type Concept",
      "vocabulary_id": "Type Concept",
      "concept_class_id": "Type Concept",
      "standard_concept": "S",
      "concept_code": "OMOP4822460",
      "valid_start_date": "1970-01-01",
      "valid_end_date": "2099-12-31",
      "invalid_reason": null
    }
  },
  {
    "model": "omop.concept",
    "pk": 38000177,
    "fields": {
      "concept_name": "Prescription written",
      "domain_id": "Type Concept",
      "vocabulary_id": "Type Concept",
      "concept_class_id": "Type Concept",
      "standard_concept": "S",
      "concept_code": "OMOP4822461",
      "valid_start_date": "1970-01-01",
      "valid_end_date": "2099-12-31",
      "invalid_reason": null
    }
  },
  {
    "model": "omop.concept",
    "pk": 8532,
    "fields": {
      "concept_name": "Female",
      "domain_id": "Gender",
      "vocabulary_id": "Gender",
      "concept_class_id": "Gender",
      "standard_concept": "S",
      "concept_code": "F",
      "valid_start_date": "1970-01-01",
      "valid_end_date": "2099-12-31",
      "invalid_reason": null
    }
  },
  {
    "model": "omop.concept",
    "pk": 8527,
    "fields": {
      "concept_name": "White",
      "domain_id": "Race",
      "vocabulary_id": "Race",
      "concept_class_id": "Race",
      "standard_concept": "S",
      "concept_code": "5",
      "valid_start_date": "1970-01-01",
      "valid_end_date": "2099-12-31",
      "invalid_reason": null
    }
  },
  {
    "model": "omop.concept",
    "pk": 8516,
    "fields": {
      "concept_name": "Black or African American",
      "domain_id": "Race",
      "vocabulary_id": "Race",
      "concept_class_id": "Race",
      "standard_concept": "S",
      "concept_code": "3",
      "valid_start_date": "1970-01-01",
      "valid_end_date": "2099-12-31",
      "invalid_reason": null
    }
  },
  {
    "model": "omop.concept",
    "pk": 8515,
    "fields": {
      "concept_name": "Asian",
      "domain_id": "Race",
      "vocabulary_id": "Race",
      "concept_class_id": "Race",
      "standard_concept": "S",
      "concept_code": "2",
      "valid_start_date": "1970-01-01",
      "valid_end_date": "2099-12-31",
      "invalid_reason": null
    }
  },
  {
    "model": "omop.concept",
    "pk": 38003564,
    "fields": {
      "concept_name": "Not Hispanic or Latino",
      "domain_id": "Ethnicity",
      "vocabulary_id": "Ethnicity",
      "concept_class_id": "Ethnicity",
      "standard_concept": "S",
      "concept_code": "38003564",
      "valid_start_date": "1970-01-01",
      "valid_end_date": "2099-12-31",
      "invalid_reason": null
    }
  },
  {
    "model": "omop.concept",
    "pk": 38003563,
    "fields": {
      "concept_name": "Hispanic or Latino",
      "domain_id": "Ethnicity",
      "vocabulary_id": "Ethnicity",
      "concept_class_id": "Ethnicity",
      "standard_concept": "S",
      "concept_code": "38003563",
      "valid_start_date": "1970-01-01",
      "valid_end_date": "2099-12-31",
      "invalid_reason": null
    }
  },
  {
    "model": "omop.concept",
    "pk": 44818702,
    "fields": {
      "concept_name": "Lab result",
      "domain_id": "Type Concept",
      "vocabulary_id": "Type Concept",
      "concept_class_id": "Type Concept",
      "standard_concept": "S",
      "concept_code": "OMOP4822462",
      "valid_start_date": "1970-01-01",
      "valid_end_date": "2099-12-31",
      "invalid_reason": null
    }
  },
  {
    "model": "omop.concept",
    "pk": 32545,
    "fields": {
      "concept_name": "Episode derived from EHR record",
      "domain_id": "Type Concept",
      "vocabulary_id": "Type Concept",
      "concept_class_id": "Type Concept",
      "standard_concept": "S",
      "concept_code": "OMOP4822463",
      "valid_start_date": "1970-01-01",
      "valid_end_date": "2099-12-31",
      "invalid_reason": null
    }
  },
  {
    "model": "omop.concept",
    "pk": 4171047,
    "fields": {
      "concept_name": "Intravenous route",
      "domain_id": "Route",
      "vocabulary_id": "SNOMED",
      "concept_class_id": "Qualifier Value",
      "standard_concept": "S",
      "concept_code": "47625008",
      "valid_start_date": "1970-01-01",
      "valid_end_date": "2099-12-31",
      "invalid_reason": null
    }
  },
  {
    "model": "omop.concept",
    "pk": 8713,
    "fields": {
      "concept_name": "milligram",
      "domain_id": "Unit",
      "vocabulary_id": "UCUM",
      "concept_class_id": "Unit",
      "standard_concept": "S",
      "concept_code": "mg",
      "valid_start_date": "1970-01-01",
      "valid_end_date": "2099-12-31",
      "invalid_reason": null
    }
  },
  {
    "model": "omop.concept",
    "pk": 8961,
    "fields": {
      "concept_name": "nanogram per milliliter",
      "domain_id": "Unit",
      "vocabulary_id": "UCUM",
      "concept_class_id": "Unit",
      "standard_concept": "S",
      "concept_code": "ng/mL",
      "valid_start_date": "1970-01-01",
      "valid_end_date": "2099-12-31",
      "invalid_reason": null
    }
  },
  {
    "model": "omop.concept",
    "pk": 4181412,
    "fields": {
      "concept_name": "Positive",
      "domain_id": "Meas Value",
      "vocabulary_id": "SNOMED",
      "concept_class_id": "Qualifier Value",
      "standard_concept": "S",
      "concept_code": "10828004",
      "valid_start_date": "1970-01-01",
      "valid_end_date": "2099-12-31",
      "invalid_reason": null
    }
  },
  {
    "model": "omop.concept",
    "pk": 9189,
    "fields": {
      "concept_name": "Negative",
      "domain_id": "Meas Value",
      "vocabulary_id": "SNOMED",
      "concept_class_id": "Qualifier Value",
      "standard_concept": "S",
      "concept_code": "260385009",
      "valid_start_date": "1970-01-01",
      "valid_end_date": "2099-12-31",
      "invalid_reason": null
    }
  },
  {
    "model": "omop.concept",
    "pk": 1313200,
    "fields": {
      "concept_name": "Doxorubicin",
      "domain_id": "Drug",
      "vocabulary_id": "RxNorm",
      "concept_class_id": "Ingredient",
      "standard_concept": "S",
      "concept_code": "3639",
      "valid_start_date": "1970-01-01",
      "valid_end_date": "2099-12-31",
      "invalid_reason": null
    }
  },
  {
    "model": "omop.concept",
    "pk": 1314924,
    "fields": {
      "concept_name": "Cyclophosphamide",
      "domain_id": "Drug",
      "vocabulary_id": "RxNorm",
      "concept_class_id": "Ingredient",
      "standard_concept": "S",
      "concept_code": "3002",
      "valid_start_date": "1970-01-01",
      "valid_end_date": "2099-12-31",
      "invalid_reason": null
    }
  },
  {
    "model": "omop.concept",
    "pk": 1367268,
    "fields": {
      "concept_name": "Docetaxel",
      "domain_id": "Drug",
      "vocabulary_id": "RxNorm",
      "concept_class_id": "Ingredient",
      "standard_concept": "S",
      "concept_code": "72962",
      "valid_start_date": "1970-01-01",
      "valid_end_date": "2099-12-31",
      "invalid_reason": null
    }
  },
  {
    "model": "omop.concept",
    "pk": 1378382,
    "fields": {
      "concept_name": "Trastuzumab",
      "domain_id": "Drug",
      "vocabulary_id": "RxNorm",
      "concept_class_id": "Ingredient",
      "standard_concept": "S",
      "concept_code": "224905",
      "valid_start_date": "1970-01-01",
      "valid_end_date": "2099-12-31",
      "invalid_reason": null
    }
  },
  {
    "model": "omop.concept",
    "pk": 3000963,
    "fields": {
      "concept_name": "Estrogen receptor",
      "domain_id": "Measurement",
      "vocabulary_id": "LOINC",
      "concept_class_id": "Lab Test",
      "standard_concept": "S",
      "concept_code": "16112-5",
      "valid_start_date": "1970-01-01",
      "valid_end_date": "2099-12-31",
      "invalid_reason": null
    }
  },
  {
    "model": "omop.concept",
    "pk": 3006256,
    "fields": {
      "concept_name": "Progesterone receptor",
      "domain_id": "Measurement",
      "vocabulary_id": "LOINC",
      "concept_class_id": "Lab Test",
      "standard_concept": "S",
      "concept_code": "16113-3",
      "valid_start_date": "1970-01-01",
      "valid_end_date": "2099-12-31",
      "invalid_reason": null
    }
  },
  {
    "model": "omop.concept",
    "pk": 3013682,
    "fields": {
      "concept_name": "HER2/neu receptor",
      "domain_id": "Measurement",
      "vocabulary_id": "LOINC",
      "concept_class_id": "Lab Test",
      "standard_concept": "S",
      "concept_code": "48676-1",
      "valid_start_date": "1970-01-01",
      "valid_end_date": "2099-12-31",
      "invalid_reason": null
    }
  },
  {
    "model": "omop.concept",
    "pk": 3020564,
    "fields": {
      "concept_name": "Ki-67 antigen",
      "domain_id": "Measurement",
      "vocabulary_id": "LOINC",
      "concept_class_id": "Lab Test",
      "standard_concept": "S",
      "concept_code": "33747-0",
      "valid_start_date": "1970-01-01",
      "valid_end_date": "2099-12-31",
      "invalid_reason": null
    }
  },
  {
    "model": "omop.concept",
    "pk": 3025315,
    "fields": {
      "concept_name": "CA 15-3",
      "domain_id": "Measurement",
      "vocabulary_id": "LOINC",
      "concept_class_id": "Lab Test",
      "standard_concept": "S",
      "concept_code": "6875-9",
      "valid_start_date": "1970-01-01",
      "valid_end_date": "2099-12-31",
      "invalid_reason": null
    }
  },
  {
    "model": "omop.person",
    "pk": 1001,
    "fields": {
      "gender_concept_id": 8532,
      "year_of_birth": 1975,
      "month_of_birth": 3,
      "day_of_birth": 15,
      "race_concept_id": 8527,
      "ethnicity_concept_id": 38003564,
      "provider_id": null,
      "care_site_id": null,
      "person_source_value": "BC001"
    }
  },
  {
    "model": "omop.person",
    "pk": 1002,
    "fields": {
      "gender_concept_id": 8532,
      "year_of_birth": 1982,
      "month_of_birth": 7,
      "day_of_birth": 22,
      "race_concept_id": 8516,
      "ethnicity_concept_id": 38003563,
      "provider_id": null,
      "care_site_id": null,
      "person_source_value": "BC002"
    }
  },
  {
    "model": "omop.person",
    "pk": 1003,
    "fields": {
      "gender_concept_id": 8532,
      "year_of_birth": 1968,
      "month_of_birth": 11,
      "day_of_birth": 8,
      "race_concept_id": 8515,
      "ethnicity_concept_id": 38003564,
      "provider_id": null,
      "care_site_id": null,
      "person_source_value": "BC003"
    }
  },
  {
    "model": "omop.conditionoccurrence",
    "pk": 2001,
    "fields": {
      "person_id": 1001,
      "condition_concept_id": 4112853,
      "condition_start_date": "2023-01-15",
      "condition_start_datetime": "2023-01-15T09:30:00Z",
      "condition_end_date": null,
      "condition_end_datetime": null,
      "condition_type_concept_id": 32020,
      "condition_status_concept_id": null,
      "stop_reason": null,
      "provider_id": null,
      "visit_occurrence_id": null,
      "visit_detail_id": null,
      "condition_source_value": "C50.9",
      "condition_source_concept_id": 4112853,
      "condition_status_source_value": null,
      "tumor_laterality": "RIGHT",
      "histologic_grade": 2,
      "ajcc_clinical_t": "T2",
      "ajcc_clinical_n": "N1",
      "ajcc_clinical_m": "M0",
      "ajcc_pathologic_t": "T2",
      "ajcc_pathologic_n": "N1",
      "ajcc_pathologic_m": "M0",
      "ajcc_clinical_stage": "IIB",
      "ajcc_pathologic_stage": "IIB",
      "uicc_clinical_stage": "IIB",
      "uicc_pathologic_stage": "IIB",
      "ajcc_version": "8th",
      "her2_status": "POSITIVE",
      "er_status": "POSITIVE",
      "pr_status": "POSITIVE",
      "tumor_size_cm": 3.2,
      "lymph_nodes_positive": 2,
      "lymph_nodes_examined": 15,
      "icdo_topography_concept_id": null,
      "icdo_morphology_concept_id": null,
      "episode_id": 3001
    }
  },
  {
    "model": "omop.conditionoccurrence",
    "pk": 2002,
    "fields": {
      "person_id": 1002,
      "condition_concept_id": 4112853,
      "condition_start_date": "2023-06-10",
      "condition_start_datetime": "2023-06-10T11:15:00Z",
      "condition_end_date": null,
      "condition_end_datetime": null,
      "condition_type_concept_id": 32020,
      "condition_status_concept_id": null,
      "stop_reason": null,
      "provider_id": null,
      "visit_occurrence_id": null,
      "visit_detail_id": null,
      "condition_source_value": "C50.4",
      "condition_source_concept_id": 4112853,
      "condition_status_source_value": null,
      "tumor_laterality": "LEFT",
      "histologic_grade": 3,
      "ajcc_clinical_t": "T1c",
      "ajcc_clinical_n": "N0",
      "ajcc_clinical_m": "M0",
      "ajcc_pathologic_t": "T1c",
      "ajcc_pathologic_n": "N0",
      "ajcc_pathologic_m": "M0",
      "ajcc_clinical_stage": "IA",
      "ajcc_pathologic_stage": "IA",
      "uicc_clinical_stage": "IA",
      "uicc_pathologic_stage": "IA",
      "ajcc_version": "8th",
      "her2_status": "NEGATIVE",
      "er_status": "NEGATIVE",
      "pr_status": "NEGATIVE",
      "tumor_size_cm": 1.8,
      "lymph_nodes_positive": 0,
      "lymph_nodes_examined": 12,
      "icdo_topography_concept_id": null,
      "icdo_morphology_concept_id": null,
      "episode_id": 3002
    }
  },
  {
    "model": "omop.conditionoccurrence",
    "pk": 2003,
    "fields": {
      "person_id": 1003,
      "condition_concept_id": 4112853,
      "condition_start_date": "2022-09-22",
      "condition_start_datetime": "2022-09-22T14:20:00Z",
      "condition_end_date": null,
      "condition_end_datetime": null,
      "condition_type_concept_id": 32020,
      "condition_status_concept_id": null,
      "stop_reason": null,
      "provider_id": null,
      "visit_occurrence_id": null,
      "visit_detail_id": null,
      "condition_source_value": "C50.1",
      "condition_source_concept_id": 4112853,
      "condition_status_source_value": null,
      "tumor_laterality": "RIGHT",
      "histologic_grade": 2,
      "ajcc_clinical_t": "T3",
      "ajcc_clinical_n": "N2",
      "ajcc_clinical_m": "M1",
      "ajcc_pathologic_t": "T3",
      "ajcc_pathologic_n": "N2",
      "ajcc_pathologic_m": "M1",
      "ajcc_clinical_stage": "IV",
      "ajcc_pathologic_stage": "IV",
      "uicc_clinical_stage": "IV",
      "uicc_pathologic_stage": "IV",
      "ajcc_version": "8th",
      "her2_status": "POSITIVE",
      "er_status": "POSITIVE",
      "pr_status": "POSITIVE",
      "tumor_size_cm": 5.1,
      "lymph_nodes_positive": 8,
      "lymph_nodes_examined": 18,
      "icdo_topography_concept_id": null,
      "icdo_morphology_concept_id": null,
      "episode_id": 3003
    }
  },
  {
    "model": "omop.measurement",
    "pk": 4001,
    "fields": {
      "person_id": 1001,
      "measurement_concept_id": 3000963,
      "measurement_date": "2023-01-20",
      "measurement_datetime": "2023-01-20T08:00:00Z",
      "measurement_time": null,
      "measurement_type_concept_id": 44818702,
      "operator_concept_id": null,
      "value_as_number": 12.5,
      "value_as_concept_id": null,
      "unit_concept_id": 8713,
      "range_low": 12.0,
      "range_high": 15.5,
      "provider_id": null,
      "visit_occurrence_id": null,
      "visit_detail_id": null,
      "measurement_source_value": "HGB",
      "measurement_source_concept_id": 3000963,
      "unit_source_value": "g/dL",
      "unit_source_concept_id": 8713,
      "value_source_value": "12.5",
      "measurement_event_id": null,
      "meas_event_field_concept_id": null,
      "expression_level": 12.5,
      "biomarker_type": "LABORATORY",
      "assay_method": "CBC",
      "interpretation": "NORMAL",
      "ihc_score": null,
      "fish_result": null,
      "tmb_score": null,
      "msi_status": null,
      "pdl1_cps_score": null,
      "pdl1_tps_score": null,
      "hrd_score": null,
      "til_percentage": null,
      "ctdna_detected": null,
      "mutation_status": null
    }
  },
  {
    "model": "omop.measurement",
    "pk": 4002,
    "fields": {
      "person_id": 1001,
      "measurement_concept_id": 3013682,
      "measurement_date": "2023-01-20",
      "measurement_datetime": "2023-01-20T08:00:00Z",
      "measurement_time": null,
      "measurement_type_concept_id": 44818702,
      "operator_concept_id": null,
      "value_as_number": 350000,
      "value_as_concept_id": null,
      "unit_concept_id": 8961,
      "range_low": 150000,
      "range_high": 450000,
      "provider_id": null,
      "visit_occurrence_id": null,
      "visit_detail_id": null,
      "measurement_source_value": "PLT",
      "measurement_source_concept_id": 3013682,
      "unit_source_value": "/uL",
      "unit_source_concept_id": 8961,
      "value_source_value": "350000",
      "measurement_event_id": null,
      "meas_event_field_concept_id": null,
      "expression_level": 350000,
      "biomarker_type": "LABORATORY",
      "assay_method": "CBC",
      "interpretation": "NORMAL",
      "ihc_score": null,
      "fish_result": null,
      "tmb_score": null,
      "msi_status": null,
      "pdl1_cps_score": null,
      "pdl1_tps_score": null,
      "hrd_score": null,
      "til_percentage": null,
      "ctdna_detected": null,
      "mutation_status": null
    }
  },
  {
    "model": "omop.measurement",
    "pk": 4003,
    "fields": {
      "person_id": 1001,
      "measurement_concept_id": 3020564,
      "measurement_date": "2023-02-01",
      "measurement_datetime": "2023-02-01T10:30:00Z",
      "measurement_time": null,
      "measurement_type_concept_id": 44818702,
      "operator_concept_id": null,
      "value_as_number": null,
      "value_as_concept_id": 4181412,
      "unit_concept_id": null,
      "range_low": null,
      "range_high": null,
      "provider_id": null,
      "visit_occurrence_id": null,
      "visit_detail_id": null,
      "measurement_source_value": "ER",
      "measurement_source_concept_id": 3020564,
      "unit_source_value": null,
      "unit_source_concept_id": null,
      "value_source_value": "Positive",
      "measurement_event_id": null,
      "meas_event_field_concept_id": null,
      "expression_level": 85.0,
      "biomarker_type": "IHC",
      "assay_method": "IMMUNOHISTOCHEMISTRY",
      "interpretation": "POSITIVE",
      "ihc_score": 3,
      "fish_result": null,
      "tmb_score": null,
      "msi_status": null,
      "pdl1_cps_score": null,
      "pdl1_tps_score": null,
      "hrd_score": null,
      "til_percentage": null,
      "ctdna_detected": null,
      "mutation_status": null
    }
  },
  {
    "model": "omop.measurement",
    "pk": 4004,
    "fields": {
      "person_id": 1001,
      "measurement_concept_id": 3025315,
      "measurement_date": "2023-02-01",
      "measurement_datetime": "2023-02-01T10:30:00Z",
      "measurement_time": null,
      "measurement_type_concept_id": 44818702,
      "operator_concept_id": null,
      "value_as_number": null,
      "value_as_concept_id": 4181412,
      "unit_concept_id": null,
      "range_low": null,
      "range_high": null,
      "provider_id": null,
      "visit_occurrence_id": null,
      "visit_detail_id": null,
      "measurement_source_value": "PR",
      "measurement_source_concept_id": 3025315,
      "unit_source_value": null,
      "unit_source_concept_id": null,
      "value_source_value": "Positive",
      "measurement_event_id": null,
      "meas_event_field_concept_id": null,
      "expression_level": 70.0,
      "biomarker_type": "IHC",
      "assay_method": "IMMUNOHISTOCHEMISTRY",
      "interpretation": "POSITIVE",
      "ihc_score": 3,
      "fish_result": null,
      "tmb_score": null,
      "msi_status": null,
      "pdl1_cps_score": null,
      "pdl1_tps_score": null,
      "hrd_score": null,
      "til_percentage": null,
      "ctdna_detected": null,
      "mutation_status": null
    }
  },
  {
    "model": "omop.measurement",
    "pk": 4005,
    "fields": {
      "person_id": 1001,
      "measurement_concept_id": 3006256,
      "measurement_date": "2023-02-01",
      "measurement_datetime": "2023-02-01T10:30:00Z",
      "measurement_time": null,
      "measurement_type_concept_id": 44818702,
      "operator_concept_id": null,
      "value_as_number": null,
      "value_as_concept_id": 4181412,
      "unit_concept_id": null,
      "range_low": null,
      "range_high": null,
      "provider_id": null,
      "visit_occurrence_id": null,
      "visit_detail_id": null,
      "measurement_source_value": "HER2",
      "measurement_source_concept_id": 3006256,
      "unit_source_value": null,
      "unit_source_concept_id": null,
      "value_source_value": "Positive",
      "measurement_event_id": null,
      "meas_event_field_concept_id": null,
      "expression_level": null,
      "biomarker_type": "IHC_FISH",
      "assay_method": "FISH",
      "interpretation": "POSITIVE",
      "ihc_score": 3,
      "fish_result": "AMPLIFIED",
      "tmb_score": null,
      "msi_status": null,
      "pdl1_cps_score": null,
      "pdl1_tps_score": null,
      "hrd_score": null,
      "til_percentage": null,
      "ctdna_detected": null,
      "mutation_status": null
    }
  },
  {
    "model": "omop.measurement",
    "pk": 4006,
    "fields": {
      "person_id": 1002,
      "measurement_concept_id": 3020564,
      "measurement_date": "2023-06-15",
      "measurement_datetime": "2023-06-15T09:15:00Z",
      "measurement_time": null,
      "measurement_type_concept_id": 44818702,
      "operator_concept_id": null,
      "value_as_number": null,
      "value_as_concept_id": 9189,
      "unit_concept_id": null,
      "range_low": null,
      "range_high": null,
      "provider_id": null,
      "visit_occurrence_id": null,
      "visit_detail_id": null,
      "measurement_source_value": "ER",
      "measurement_source_concept_id": 3020564,
      "unit_source_value": null,
      "unit_source_concept_id": null,
      "value_source_value": "Negative",
      "measurement_event_id": null,
      "meas_event_field_concept_id": null,
      "expression_level": 1.0,
      "biomarker_type": "IHC",
      "assay_method": "IMMUNOHISTOCHEMISTRY",
      "interpretation": "NEGATIVE",
      "ihc_score": 0,
      "fish_result": null,
      "tmb_score": null,
      "msi_status": null,
      "pdl1_cps_score": null,
      "pdl1_tps_score": null,
      "hrd_score": null,
      "til_percentage": null,
      "ctdna_detected": null,
      "mutation_status": null
    }
  },
  {
    "model": "omop.measurement",
    "pk": 4007,
    "fields": {
      "person_id": 1002,
      "measurement_concept_id": 3025315,
      "measurement_date": "2023-06-15",
      "measurement_datetime": "2023-06-15T09:15:00Z",
      "measurement_time": null,
      "measurement_type_concept_id": 44818702,
      "operator_concept_id": null,
      "value_as_number": null,
      "value_as_concept_id": 9189,
      "unit_concept_id": null,
      "range_low": null,
      "range_high": null,
      "provider_id": null,
      "visit_occurrence_id": null,
      "visit_detail_id": null,
      "measurement_source_value": "PR",
      "measurement_source_concept_id": 3025315,
      "unit_source_value": null,
      "unit_source_concept_id": null,
      "value_source_value": "Negative",
      "measurement_event_id": null,
      "meas_event_field_concept_id": null,
      "expression_level": 2.0,
      "biomarker_type": "IHC",
      "assay_method": "IMMUNOHISTOCHEMISTRY",
      "interpretation": "NEGATIVE",
      "ihc_score": 0,
      "fish_result": null,
      "tmb_score": null,
      "msi_status": null,
      "pdl1_cps_score": null,
      "pdl1_tps_score": null,
      "hrd_score": null,
      "til_percentage": null,
      "ctdna_detected": null,
      "mutation_status": null
    }
  },
  {
    "model": "omop.measurement",
    "pk": 4008,
    "fields": {
      "person_id": 1002,
      "measurement_concept_id": 3006256,
      "measurement_date": "2023-06-15",
      "measurement_datetime": "2023-06-15T09:15:00Z",
      "measurement_time": null,
      "measurement_type_concept_id": 44818702,
      "operator_concept_id": null,
      "value_as_number": null,
      "value_as_concept_id": 9189,
      "unit_concept_id": null,
      "range_low": null,
      "range_high": null,
      "provider_id": null,
      "visit_occurrence_id": null,
      "visit_detail_id": null,
      "measurement_source_value": "HER2",
      "measurement_source_concept_id": 3006256,
      "unit_source_value": null,
      "unit_source_concept_id": null,
      "value_source_value": "Negative",
      "measurement_event_id": null,
      "meas_event_field_concept_id": null,
      "expression_level": null,
      "biomarker_type": "IHC_FISH",
      "assay_method": "IHC",
      "interpretation": "NEGATIVE",
      "ihc_score": 0,
      "fish_result": "NOT_AMPLIFIED",
      "tmb_score": null,
      "msi_status": null,
      "pdl1_cps_score": null,
      "pdl1_tps_score": null,
      "hrd_score": null,
      "til_percentage": null,
      "ctdna_detected": null,
      "mutation_status": null
    }
  },
  {
    "model": "omop.drugexposure",
    "pk": 5001,
    "fields": {
      "person_id": 1001,
      "drug_concept_id": 1367268,
      "drug_exposure_start_date": "2023-02-15",
      "drug_exposure_start_datetime": "2023-02-15T10:00:00Z",
      "drug_exposure_end_date": "2023-05-15",
      "drug_exposure_end_datetime": "2023-05-15T16:00:00Z",
      "verbatim_end_date": null,
      "drug_type_concept_id": 38000177,
      "stop_reason": "Completed course",
      "refills": 0,
      "quantity": 1000.0,
      "days_supply": 90,
      "sig": "IV infusion every 3 weeks",
      "route_concept_id": 4171047,
      "lot_number": null,
      "provider_id": null,
      "visit_occurrence_id": null,
      "visit_detail_id": null,
      "drug_source_value": "Trastuzumab",
      "drug_source_concept_id": 1367268,
      "route_source_value": "IV",
      "dose_unit_source_value": "mg"
    }
  },
  {
    "model": "omop.drugexposure",
    "pk": 5002,
    "fields": {
      "person_id": 1001,
      "drug_concept_id": 1378382,
      "drug_exposure_start_date": "2023-02-15",
      "drug_exposure_start_datetime": "2023-02-15T10:00:00Z",
      "drug_exposure_end_date": "2023-05-15",
      "drug_exposure_end_datetime": "2023-05-15T16:00:00Z",
      "verbatim_end_date": null,
      "drug_type_concept_id": 38000177,
      "stop_reason": "Completed course",
      "refills": 0,
      "quantity": 600.0,
      "days_supply": 90,
      "sig": "IV infusion every 3 weeks",
      "route_concept_id": 4171047,
      "lot_number": null,
      "provider_id": null,
      "visit_occurrence_id": null,
      "visit_detail_id": null,
      "drug_source_value": "Carboplatin",
      "drug_source_concept_id": 1378382,
      "route_source_value": "IV",
      "dose_unit_source_value": "mg"
    }
  },
  {
    "model": "omop.drugexposure",
    "pk": 5003,
    "fields": {
      "person_id": 1002,
      "drug_concept_id": 1313200,
      "drug_exposure_start_date": "2023-07-01",
      "drug_exposure_start_datetime": "2023-07-01T09:00:00Z",
      "drug_exposure_end_date": "2023-12-01",
      "drug_exposure_end_datetime": "2023-12-01T17:00:00Z",
      "verbatim_end_date": null,
      "drug_type_concept_id": 38000177,
      "stop_reason": "Completed course",
      "refills": 0,
      "quantity": 200.0,
      "days_supply": 153,
      "sig": "IV infusion every 2 weeks",
      "route_concept_id": 4171047,
      "lot_number": null,
      "provider_id": null,
      "visit_occurrence_id": null,
      "visit_detail_id": null,
      "drug_source_value": "Doxorubicin",
      "drug_source_concept_id": 1313200,
      "route_source_value": "IV",
      "dose_unit_source_value": "mg"
    }
  },
  {
    "model": "omop.drugexposure",
    "pk": 5004,
    "fields": {
      "person_id": 1002,
      "drug_concept_id": 1314924,
      "drug_exposure_start_date": "2023-07-01",
      "drug_exposure_start_datetime": "2023-07-01T09:00:00Z",
      "drug_exposure_end_date": "2023-12-01",
      "drug_exposure_end_datetime": "2023-12-01T17:00:00Z",
      "verbatim_end_date": null,
      "drug_type_concept_id": 38000177,
      "stop_reason": "Completed course",
      "refills": 0,
      "quantity": 300.0,
      "days_supply": 153,
      "sig": "IV infusion every 2 weeks",
      "route_concept_id": 4171047,
      "lot_number": null,
      "provider_id": null,
      "visit_occurrence_id": null,
      "visit_detail_id": null,
      "drug_source_value": "Cyclophosphamide",
      "drug_source_concept_id": 1314924,
      "route_source_value": "IV",
      "dose_unit_source_value": "mg"
    }
  },
  {
    "model": "omop.episode",
    "pk": 3001,
    "fields": {
      "person_id": 1001,
      "episode_concept_id": 32531,
      "episode_start_date": "2023-01-15",
      "episode_start_datetime": "2023-01-15T09:30:00Z",
      "episode_end_date": null,
      "episode_end_datetime": null,
      "episode_parent_id": null,
      "episode_number": 1,
      "episode_object_concept_id": 4112853,
      "episode_type_concept_id": 32545,
      "episode_source_value": "BC001_EP001",
      "episode_source_concept_id": null
    }
  },
  {
    "model": "omop.episode",
    "pk": 3002,
    "fields": {
      "person_id": 1002,
      "episode_concept_id": 32531,
      "episode_start_date": "2023-06-10",
      "episode_start_datetime": "2023-06-10T11:15:00Z",
      "episode_end_date": null,
      "episode_end_datetime": null,
      "episode_parent_id": null,
      "episode_number": 1,
      "episode_object_concept_id": 4112853,
      "episode_type_concept_id": 32545,
      "episode_source_value": "BC002_EP001",
      "episode_source_concept_id": null
    }
  },
  {
    "model": "omop.episode",
    "pk": 3003,
    "fields": {
      "person_id": 1003,
      "episode_concept_id": 32531,
      "episode_start_date": "2022-09-22",
      "episode_start_datetime": "2022-09-22T14:20:00Z",
      "episode_end_date": null,
      "episode_end_datetime": null,
      "episode_parent_id": null,
      "episode_number": 1,
      "episode_object_concept_id": 4112853,
      "episode_type_concept_id": 32545,
      "episode_source_value": "BC003_EP001",
      "episode_source_concept_id": null
    }
  },
  {
    "model": "omop.treatmentline",
    "pk": 6001,
    "fields": {
      "person_id": 1001,
      "condition_occurrence_id": 2001,
      "line_number": 1,
      "line_sequence": "FIRST_LINE",
      "line_start_date": "2023-02-15",
      "line_end_date": "2023-05-15",
      "treatment_intent": "ADJUVANT",
      "treatment_status": "TREATMENT_NAIVE",
      "regimen_name": "TCH (Docetaxel, Carboplatin, Trastuzumab)",
      "regimen_type": "COMBINATION",
      "drug_classifications": [
        "TARGETED_THERAPY",
        "CHEMOTHERAPY"
      ],
      "platinum_based": true,
      "immunotherapy_based": false,
      "targeted_therapy_based": true,
      "hormone_therapy_based": false,
      "treatment_response": "COMPLETE_RESPONSE",
      "progression_free_survival_days": 365,
      "time_to_progression_days": null,
      "treatment_outcome": "COMPLETED",
      "received_in_trial": false,
      "trial_identifier": null,
      "line_calculation_method": "Standard oncology workflow",
      "gap_threshold_days": 30,
      "combination_window_days": 60,
      "data_source": "EMR",
      "calculated_automatically": true,
      "manually_reviewed": false,
      "confidence_score": 0.95
    }
  },
  {
    "model": "omop.treatmentline",
    "pk": 6002,
    "fields": {
      "person_id": 1002,
      "condition_occurrence_id": 2002,
      "line_number": 1,
      "line_sequence": "FIRST_LINE",
      "line_start_date": "2023-07-01",
      "line_end_date": "2023-12-01",
      "treatment_intent": "NEOADJUVANT",
      "treatment_status": "TREATMENT_NAIVE",
      "regimen_name": "AC (Doxorubicin, Cyclophosphamide)",
      "regimen_type": "COMBINATION",
      "drug_classifications": [
        "CHEMOTHERAPY"
      ],
      "platinum_based": false,
      "immunotherapy_based": false,
      "targeted_therapy_based": false,
      "hormone_therapy_based": false,
      "treatment_response": "PARTIAL_RESPONSE",
      "progression_free_survival_days": 180,
      "time_to_progression_days": null,
      "treatment_outcome": "COMPLETED",
      "received_in_trial": false,
      "trial_identifier": null,
      "line_calculation_method": "Standard oncology workflow",
      "gap_threshold_days": 30,
      "combination_window_days": 60,
      "data_source": "EMR",
      "calculated_automatically": true,
      "manually_reviewed": false,
      "confidence_score": 0.92
    }
  },
  {
    "model": "omop.treatmentregimen",
    "pk": 7001,
    "fields": {
      "person_id": 1001,
      "regimen_concept_id": 35807188,
      "regimen_name": "TCH",
      "regimen_code": "TCH",
      "regimen_start_date": "2023-02-15",
      "regimen_end_date": "2023-05-15",
      "treatment_line_id": null,
      "line_number": 1,
      "regimen_type": "COMBINATION",
      "treatment_intent": "ADJUVANT",
      "treatment_setting": "OUTPATIENT",
      "cycles_planned": 6,
      "cycles_completed": 6,
      "cycle_length_days": 21,
      "best_response": "CR",
      "response_assessment_date": "2023-05-20",
      "progression_date": null,
      "regimen_discontinued": false,
      "discontinuation_reason": "COMPLETED",
      "clinical_trial_id": null
    }
  },
  {
    "model": "omop.treatmentregimen",
    "pk": 7002,
    "fields": {
      "person_id": 1002,
      "regimen_concept_id": 35807074,
      "regimen_name": "AC",
      "regimen_code": "AC",
      "regimen_start_date": "2023-07-01",
      "regimen_end_date": "2023-12-01",
      "treatment_line_id": null,
      "line_number": 1,
      "regimen_type": "CHEMOTHERAPY",
      "treatment_intent": "NEOADJUVANT",
      "treatment_setting": "OUTPATIENT",
      "cycles_planned": 4,
      "cycles_completed": 4,
      "cycle_length_days": 21,
      "best_response": "PR",
      "response_assessment_date": "2023-11-15",
      "progression_date": null,
      "regimen_discontinued": false,
      "discontinuation_reason": "COMPLETED",
      "clinical_trial_id": null
    }
  },
  {
    "model": "omop.genomicvariant",
    "pk": 8001,
    "fields": {
      "person_id": 1001,
      "observation_id": null,
      "gene_symbol": "BRCA1",
      "gene_concept_id": null,
      "hgvs_notation": "c.185delAG",
      "variant_type": "DELETION",
      "chromosome": "17",
      "genomic_position": 41197694,
      "reference_allele": "AG",
      "alternate_allele": "",
      "variant_allele_frequency": 0.52,
      "clinical_significance": "PATHOGENIC",
      "interpretation": "Pathogenic variant associated with hereditary breast cancer",
      "clinvar_id": "ClinVar:17661",
      "cosmic_id": "",
      "dbsnp_id": "",
      "ga4gh_id": "",
      "transcript_id": "ENST00000357654",
      "protein_change": "p.Glu62fs",
      "consequence_type": "frameshift_variant",
      "test_date": "2023-01-25",
      "testing_method": "NGS_PANEL",
      "laboratory": "Invitae",
      "test_kit": "Invitae Breast Cancer Panel",
      "read_depth": 450,
      "quality_score": 99.8,
      "allele_fraction": 0.52,
      "molecular_alteration": "LOSS_OF_FUNCTION",
      "biomarker_status": "POSITIVE",
      "copy_number": null,
      "expression_level": null
    }
  },
  {
    "model": "omop.genomicvariant",
    "pk": 8002,
    "fields": {
      "person_id": 1003,
      "observation_id": null,
      "gene_symbol": "PIK3CA",
      "gene_concept_id": null,
      "hgvs_notation": "c.3140A>G",
      "variant_type": "SNV",
      "chromosome": "3",
      "genomic_position": 178936091,
      "reference_allele": "A",
      "alternate_allele": "G",
      "variant_allele_frequency": 0.35,
      "clinical_significance": "PATHOGENIC",
      "interpretation": "Oncogenic mutation in PIK3CA gene",
      "clinvar_id": "ClinVar:376280",
      "cosmic_id": "COSM763",
      "dbsnp_id": "rs121913279",
      "ga4gh_id": "",
      "transcript_id": "ENST00000263967",
      "protein_change": "p.His1047Arg",
      "consequence_type": "missense_variant",
      "test_date": "2022-10-01",
      "testing_method": "NGS_PANEL",
      "laboratory": "Foundation Medicine",
      "test_kit": "FoundationOne CDx",
      "read_depth": 680,
      "quality_score": 99.9,
      "allele_fraction": 0.35,
      "molecular_alteration": "ACTIVATING_MUTATION",
      "biomarker_status": "POSITIVE",
      "copy_number": null,
      "expression_level": null
    }
  },
  {
    "model": "omop.moleculartest",
    "pk": 9001,
    "fields": {
      "person_id": 1001,
      "observation_id": null,
      "test_name": "Invitae Breast Cancer Panel",
      "test_type": "NGS_PANEL",
      "test_date": "2023-01-25",
      "laboratory": "Invitae",
      "laboratory_id": "INV-LAB-001",
      "test_version": "v3.2",
      "specimen_type": "Blood",
      "specimen_site": "Peripheral blood",
      "collection_date": "2023-01-22",
      "overall_result": "POSITIVE",
      "tumor_content": null,
      "dna_quality": "Good",
      "actionable_alterations_count": 1,
      "report_date": "2023-01-30",
      "report_url": "https://portal.invitae.com/reports/INV-001",
      "raw_data_available": true
    }
  },
  {
    "model": "omop.moleculartest",
    "pk": 9002,
    "fields": {
      "person_id": 1003,
      "observation_id": null,
      "test_name": "FoundationOne CDx",
      "test_type": "COMPREHENSIVE_GENOMIC_PROFILING",
      "test_date": "2022-10-01",
      "laboratory": "Foundation Medicine",
      "laboratory_id": "FMI-LAB-001",
      "test_version": "F1CDx v2.1",
      "specimen_type": "Tumor tissue",
      "specimen_site": "Breast (right)",
      "collection_date": "2022-09-25",
      "overall_result": "POSITIVE",
      "tumor_content": 75.0,
      "dna_quality": "Excellent",
      "actionable_alterations_count": 2,
      "report_date": "2022-10-10",
      "report_url": "https://portal.foundationmedicine.com/reports/FM-001",
      "raw_data_available": true
    }
  },
  {
    "model": "omop.biomarkermeasurement",
    "pk": 10001,
    "fields": {
      "person_id": 1001,
      "biomarker_name": "ER",
      "biomarker_category": "HORMONE_RECEPTOR",
      "result_value": "85",
      "result_unit": "percent",
      "interpretation": "POSITIVE",
      "measurement_date": "2023-02-01",
      "test_method": "IMMUNOHISTOCHEMISTRY",
      "laboratory": "Johns Hopkins Pathology",
      "specimen_type": "TISSUE",
      "clinical_significance": "Predicts response to hormone therapy",
      "reference_range": ">1% positive",
      "quality_score": 0.98
    }
  },
  {
    "model": "omop.biomarkermeasurement",
    "pk": 10002,
    "fields": {
      "person_id": 1001,
      "biomarker_name": "PR",
      "biomarker_category": "HORMONE_RECEPTOR",
      "result_value": "70",
      "result_unit": "percent",
      "interpretation": "POSITIVE",
      "measurement_date": "2023-02-01",
      "test_method": "IMMUNOHISTOCHEMISTRY",
      "laboratory": "Johns Hopkins Pathology",
      "specimen_type": "TISSUE",
      "clinical_significance": "Predicts response to hormone therapy",
      "reference_range": ">1% positive",
      "quality_score": 0.96
    }
  },
  {
    "model": "omop.biomarkermeasurement",
    "pk": 10003,
    "fields": {
      "person_id": 1001,
      "biomarker_name": "HER2",
      "biomarker_category": "GROWTH_FACTOR_RECEPTOR",
      "result_value": "3+",
      "result_unit": "IHC_score",
      "interpretation": "POSITIVE",
      "measurement_date": "2023-02-01",
      "test_method": "FISH",
      "laboratory": "Johns Hopkins Pathology",
      "specimen_type": "TISSUE",
      "clinical_significance": "Predicts response to HER2-targeted therapy",
      "reference_range": "0-1+ negative, 2+ equivocal, 3+ positive",
      "quality_score": 0.99
    }
  },
  {
    "model": "omop.radiationoccurrence",
    "pk": 11001,
    "fields": {
      "person_id": 1001,
      "radiation_concept_id": null,
      "radiation_start_date": "2023-06-01",
      "radiation_end_date": "2023-07-15",
      "radiation_technique": "IMRT",
      "anatomical_site": "Breast, chest wall",
      "total_dose": 5040.0,
      "dose_per_fraction": 180.0,
      "number_of_fractions": 28,
      "treatment_intent": "ADJUVANT",
      "radiation_modality": "PHOTON",
      "dose_rate": null,
      "fractionation_schedule": "Daily weekdays",
      "boost_dose": 1080.0,
      "boost_fractions": 6,
      "concurrent_chemotherapy": false,
      "treatment_response": "COMPLETE_RESPONSE",
      "acute_toxicity_grade": 1,
      "late_toxicity_grade": 0,
      "treatment_completion_status": "COMPLETED",
      "radiation_source": "Linear accelerator"
    }
  },
  {
    "model": "omop.tumorassessment",
    "pk": 12001,
    "fields": {
      "person_id": 1001,
      "assessment_concept_id": null,
      "assessment_date": "2023-08-15",
      "assessment_method": "RECIST_1_1",
      "overall_response": "COMPLETE_RESPONSE",
      "progression_status": false,
      "assessment_type": "FOLLOW_UP",
      "clinical_context": "Post-treatment surveillance",
      "assessor_type": "RADIOLOGIST",
      "quality_score": 0.95
    }
  },
  {
    "model": "omop.tumorassessment",
    "pk": 12002,
    "fields": {
      "person_id": 1002,
      "assessment_concept_id": null,
      "assessment_date": "2023-12-15",
      "assessment_method": "RECIST_1_1",
      "overall_response": "PARTIAL_RESPONSE",
      "progression_status": false,
      "assessment_type": "END_OF_TREATMENT",
      "clinical_context": "End of neoadjuvant therapy",
      "assessor_type": "RADIOLOGIST",
      "quality_score": 0.92
    }
  },
  {
    "model": "omop.clinicaltrial",
    "pk": 13001,
    "fields": {
      "person_id": 1003,
      "trial_identifier": "NCT04567890",
      "trial_title": "Phase II Study of CDK4/6 Inhibitor in HER2+ Metastatic Breast Cancer",
      "trial_phase": "PHASE_II",
      "trial_type": "INTERVENTIONAL",
      "enrollment_date": "2023-01-10",
      "randomization_date": "2023-01-15",
      "treatment_arm": "Experimental Arm A",
      "primary_endpoint": "Progression-free survival",
      "trial_status": "ACTIVE",
      "completion_date": null,
      "sponsor": "Academic Medical Center",
      "principal_investigator": "Dr. Jane Smith",
      "study_drug": "Palbociclib + Trastuzumab",
      "blinding_status": "OPEN_LABEL",
      "randomized": true
    }
  },
  {
    "model": "omop.biospecimencollection",
    "pk": 14001,
    "fields": {
      "person_id": 1001,
      "collection_concept_id": null,
      "collection_date": "2023-02-01",
      "specimen_type": "TISSUE",
      "anatomical_site": "Breast",
      "collection_method": "CORE_BIOPSY",
      "specimen_quality": "EXCELLENT",
      "preservation_method": "FFPE",
      "storage_temperature": -80.0,
      "collection_volume": 2.5,
      "processing_time_hours": 4.0,
      "research_use": true,
      "consent_status": "OBTAINED",
      "biobank_id": "BB-JHU-001",
      "specimen_id": "SP-BC001-001"
    }
  },
  {
    "model": "omop.biospecimencollection",
    "pk": 14002,
    "fields": {
      "person_id": 1001,
      "collection_concept_id": null,
      "collection_date": "2023-01-22",
      "specimen_type": "BLOOD",
      "anatomical_site": "Peripheral vein",
      "collection_method": "VENIPUNCTURE",
      "specimen_quality": "GOOD",
      "preservation_method": "EDTA",
      "storage_temperature": -20.0,
      "collection_volume": 10.0,
      "processing_time_hours": 2.0,
      "research_use": true,
      "consent_status": "OBTAINED",
      "biobank_id": "BB-JHU-001",
      "specimen_id": "SP-BC001-002"
    }
  },
  {
    "model": "omop.oncologyepisodedetail",
    "pk": 15001,
    "fields": {
      "episode_id": 3001,
      "person_id": 1001,
      "cancer_type": "BREAST_CANCER",
      "cancer_subtype": "HER2_POSITIVE",
      "initial_diagnosis_date": "2023-01-15",
      "disease_status": "NO_EVIDENCE_OF_DISEASE",
      "metastatic_status": false,
      "primary_site": "Breast",
      "histology": "Invasive ductal carcinoma",
      "grade": 2,
      "staging_system": "AJCC_8TH",
      "clinical_stage": "IIB",
      "pathologic_stage": "IIB",
      "treatment_summary": "Neoadjuvant chemotherapy followed by surgery and radiation",
      "current_treatment_line": 1,
      "progression_events": 0,
      "last_assessment_date": "2023-08-15",
      "next_planned_assessment": "2024-02-15"
    }
  },
  {
    "model": "omop.oncologyepisodedetail",
    "pk": 15002,
    "fields": {
      "episode_id": 3002,
      "person_id": 1002,
      "cancer_type": "BREAST_CANCER",
      "cancer_subtype": "TRIPLE_NEGATIVE",
      "initial_diagnosis_date": "2023-06-10",
      "disease_status": "STABLE_DISEASE",
      "metastatic_status": false,
      "primary_site": "Breast",
      "histology": "Invasive ductal carcinoma",
      "grade": 3,
      "staging_system": "AJCC_8TH",
      "clinical_stage": "IA",
      "pathologic_stage": "IA",
      "treatment_summary": "Neoadjuvant chemotherapy with partial response",
      "current_treatment_line": 1,
      "progression_events": 0,
      "last_assessment_date": "2023-12-15",
      "next_planned_assessment": "2024-03-15"
    }
  },
  {
    "model": "omop.oncologyepisodedetail",
    "pk": 15003,
    "fields": {
      "episode_id": 3003,
      "person_id": 1003,
      "cancer_type": "BREAST_CANCER",
      "cancer_subtype": "HER2_POSITIVE",
      "initial_diagnosis_date": "2022-09-22",
      "disease_status": "PROGRESSIVE_DISEASE",
      "metastatic_status": true,
      "primary_site": "Breast",
      "histology": "Invasive ductal carcinoma",
      "grade": 2,
      "staging_system": "AJCC_8TH",
      "clinical_stage": "IV",
      "pathologic_stage": "IV",
      "treatment_summary": "Multiple lines of therapy including clinical trial participation",
      "current_treatment_line": 2,
      "progression_events": 1,
      "last_assessment_date": "2023-11-01",
      "next_planned_assessment": "2024-01-01"
    }
  }
]